Mean ROC_AUC,Mean PR_AUC,Mean F1,Macro F1@0.5,Micro F1@0.5,Macro Precision@0.5,Macro Recall@0.5,Micro ROC_AUC,ECE
0.7775994247574086,0.4190684694148268,0.4506157046754383,0.34374510833957544,0.47501391207568167,0.5393446374323213,0.28157552380723827,0.8389602556643805,0.04642476891424563
