Mean ROC_AUC,Mean PR_AUC,Mean F1,Macro F1@0.5,Micro F1@0.5,Macro Precision@0.5,Macro Recall@0.5,Micro ROC_AUC,ECE
0.7709773448106321,0.3934828171659383,0.4356181684366555,0.2887059723001859,0.46146913023884634,0.5638884524264379,0.2497793128143436,0.8332938768556597,0.04400851913501076
