Mean ROC_AUC,Mean PR_AUC,Mean F1,Macro F1@0.5,Micro F1@0.5,Macro Precision@0.5,Macro Recall@0.5,Micro ROC_AUC,ECE
0.8021788927555467,0.4436198182517156,0.4786671490926856,0.3652966293835253,0.5190856156998059,0.6315184738559063,0.3064285896854854,0.8573148501795562,0.03914783863146774
