Mean ROC_AUC,Mean PR_AUC,Mean F1,Macro F1@0.5,Micro F1@0.5,Macro Precision@0.5,Macro Recall@0.5,Micro ROC_AUC,ECE
0.8015508254693086,0.4540084229216807,0.4863439614677465,0.36558827073798417,0.5179856115107914,0.5876065018251484,0.31094811872095546,0.8546901478843133,0.03871577441235678
