Mean ROC_AUC,Mean PR_AUC,Mean F1,Macro F1@0.5,Micro F1@0.5,Macro Precision@0.5,Macro Recall@0.5,Micro ROC_AUC,ECE
0.8112482177191279,0.462142129510169,0.49134672665224915,0.40925201417709206,0.5523476831398335,0.5547174125220515,0.35473373128396135,0.8620487054436042,0.06841353102512633
