Mean ROC_AUC,Mean PR_AUC,Mean F1,Macro F1@0.5,Micro F1@0.5,Macro Precision@0.5,Macro Recall@0.5,Micro ROC_AUC,ECE
0.7920784244978025,0.4520109652641011,0.47393185649981323,0.39325778132949457,0.515999577568909,0.5502382368929987,0.33105061495251753,0.8465945679941791,0.06653987274786376
